id,study_area,study_area_type,country,continent,lat_mean,lon_mean,area,variable,surface,process,imerg_type,imerg_vers,record_start,record_end,record_length,temporal_scale,grid_scale,comparison_scale,comparison_method,downscale,grided,gauge_eval,radar_eval,model_eval,satellite_eval,ref_type,timeseries_eval,categ_eval,best_perform,worst_perform,limitations,reference,year,journal,link
TAN16,Various regions,Multiple regions,China,Asia,35.5,104,"96,00,000",Rain,Land,,IMERG_F,IMERG_V03,4/14/2020,12/14/2020,9,"3h,daily",0.1,"national,regional",grid-grid,F,0.1,1h,,,TMPA_3B42V7,gs,"COR,RMSE,Bias,ME","POD,FAR,CSI",coarser areas and times,"sub-daily, high-latitude, altitude, dry climates, complexterrains","Uneven gauage distribution, cannot detect precipitation smaller than 0.1 mm/h",Tang et al. 2015,2016,Journal of Hydrology,https://www.sciencedirect.com/science/article/pii/S0022169415009476
OLI16,Manus,Single region,Brazil,South America,-3.15,-59.99,38013,Rain,Land,Diurnal comparision,IMERG_F,IMERG_V03,3/14/2020,9/14/2020,7,"0.5h,monthly,seasonal",0.1,regional,"grid-grid,point-grid",I,,,0.5h,,,r,"COR,RMSE,Bias,SD","POD,FAR,CSI,SR",,"heavy rainfall classes, conv. storms, isolated convective rain cells.",very short time period  . No gauge observations,"Oliveira et al., 2016",2016,Remote Sensing,https://www.mdpi.com/2072-4292/8/7/544
LIU16,Global,Global,,Global,,,,Rain,"Land,Ocean",,IMERG_F,IMERG_V03,,,6,"monthly,seasonal",0.25,national,grid-grid,I,,,,,"TMPA_3B43V7,TMPA_3B42V7",s,"diff.mean,rel.diff.mean",,land,ocean,analysed only a single season. Monthly analysis,Liu 2016,2016,Journal of Hydrometeorology,https://journals.ametsoc.org/doi/full/10.1175/JHM-D-15-0068.1
CHE16,Various regions,Multiple regions,China,Asia,35.5,104,"96,00,000",Rain,Land,,IMERG_F,,3/14/2020,2/15/2020,12,"monthly,seasonal,annual",0.25,"national,regional",,I,,monthly,,,TRMM_3B43V7,gs,"COR,RRMSE,RBias,SD",,"low latitudes, annual time scale (coarser areas and times)","winter, frozen precip, dry climates, complexterrains",TRMM product does not cover the whole Mainland China,"Chen and Li, 2016",2016,Remote Sensing,https://www.mdpi.com/2072-4292/8/6/472
SAH16,Upper Blue Nile Basin,Single region,Ethiopia,Africa,11,36.5,,Rain,Land,,IMERG_F,IMERG_V03,5/14/2020,10/14/2020,6,"1h,daily",0.1,basin,grid-grid,I,,"1h,daily",,,CMORPH,gs,"COR,NRMSE,Bias,MAE,MRE","POD,FAR,MRV",daily,hourly,"Only one gauge available within each satellite pixel, uneven dist","Sahlu et al., 2016",2016,Journal of Hydrometeorology,https://journals.ametsoc.org/
GAO16,Netherlands,National,Netherland,Europe,52.15,5.3,35000,Rain,Land,,IMERG_F,IMERG_V03,6/14/2020,3/15/2020,10,"0.5h,daily,monthly,annual",0.1,basin,grid-grid,I,,,"0.5h,daily",,,r,"COD,RBias,CV","POD,VAR","monthly, annualy","30 min, daily",gauges are not independent,Gaona et al. 2016,2016,Journal of Hydrometeorology,https://journals.ametsoc.org/
MA16,Tibetan Plateau,Single region,China,Asia,32.5,90,,Rain,Land,,IMERG_F,IMERG_V03,4/14/2020,9/14/2020,6,"1h,3h",0.1,basin,grid-grid,I,,"1h,3h",,,TRMM_3B42V7,gs,"COR,RMSE,RBias,SD","POD,VAR","3-hourly scale, light rainfall",elevations above 4200 m ,resampling and interpolation methods,"Ma et al., 2016",2016,Remote Sensing,https://www.mdpi.com/2072-4292/8/7/569
TAN16B,Ganjiang River Basin,Single region,China,Asia,26.9,115.05,81258,Rain,Land,Hydrology,IMERG_F,IMERG_V03,5/14/2020,9/14/2020,5,daily,0.25,basin,grid-grid,I,0.25,daily,,,"TMPA_3B42V7,3B42RT",gs,"COR,RMSE,RBias,ME,SD,RMSD,NSCE",,better than TMPA statistically and hydrologically,basin scale is better than grid scale,"Small number of gauges, elatively humid and located at low- to midlatitude region","Tang et al., 2016",2016,Journal of Hydrometeorology,https://journals.ametsoc.org/
GUO16,China,National,China,Asia,35.5,104,"96,00,000",Rain,Land,,IMERG_F,IMERG_V03,3/14/2020,2/15/2020,12,daily,0.25,"national,regional",grid-grid,I,,daily,,,TMPA_3B42V7,gs,"COR,RMSE,Bias,RBias,FSE","POD,FAR,ETS",IMERG_Cal shows significant improvement,"winter, slight precip (NW China).","Uneven distribution of gauges, not fully independent, Regridded IMERG products","Guo et al., 2016",2016,Atmospheric Research,https://www.sciencedirect.com/science/article/pii/S0169809516300370
SHA16,Various regions,Multiple regions,Iran,Asia,,,,Rain,Land,,IMERG_F,IMERG_V03,3/14/2020,2/15/2020,12,"daily,monthly,seasonal",0.1,"national,regional",point-grid,F,,"daily,monthly,seasonal",,ERA-INTERIM,TMPA_3B42V7,gsm,"COR,RMSE,Bias,RBias,MB,MAE","POD,FAR,CSI",daily scale,mount. reg,Limited amount of synoptic stations,"Sharifi et al., 2016",2016,Remote Sensing,https://www.mdpi.com/2072-4292/8/2/135/htm
PRA16,India,National,India,Asia,22.5,82.7,3287590,Rain,Land,,IMERG_F,IMERG_V03,6/14/2020,9/14/2020,4,daily,0.25,,grid-grid,I,0.25,daily,,,TMPA_3B42V7,gs,,"POD,FAR,CSI,MR","heavy precip-Himalayan foot hills, NW India",frequency of heavy rainfall (NE India),limited to single SW monsoon. gauge density is not sufficient over the Jammu and Kashmir ,"Prakash et al., 2016",2016,Advances in Water Resources,https://reader.elsevier.com/
XU16,Eastern China,Single region,China,Asia,36,116,1368000,Rain,Land,tracing_source_error,IMERG_F,,4/14/2020,10/14/2020,7,1h,0.1,regional,grid-grid,I,,1h,,,,g,"COD,RMSE,Bias(FB,MB,HB)",,spatial pattern of the precipitation,precipitationCal in precip volume,Short period,"Xu et al., 2016",2016,Quarterly Journal of the Royal Meteorological Society,https://www.mdpi.com/2073-4433/7/12/161
WEN16,Various regions,Multiple regions,USA,North America,40,-110,1600000,Snow,Land,,IMERG_F,IMERG_V04,3/14/2020,9/15/2020,19,daily,0.1,,point-grid,F,,daily,daily,,,gr,"COR,RMSE,MAE,RBias",,light snowfall events ,higher intesities,limited to daily scale,"Wen et al., 2016,",2016,Remote Sensing,https://www.mdpi.com/2072-4292/8/11/904
TAN16C,Mid-Atlantic region,Single region,USA,North America,38.07,-75.56,,Rain,Land,,IMERG_F,IMERG_V03,4/14/2020,9/15/2020,18,,,,,,,,,,,g,"COR,NME,NMAE","POD,FAR,HSS,BID",,,,"Tan et al., 2016,",2016,Journal of Hydrometeorology,https://journals.ametsoc.org/doi/10.1175/JHM-D-16-0079.1
XU17,Tibetan Plateau,Single region,China,Asia,32.5,90,,Rain,Land,,IMERG_F,IMERG_V03,5/14/2020,10/14/2020,6,"daily,monthly",,regional,grid-grid,F,,daily,,,TRMM_3B42V7,gs,"COR,RMSE,RBias,MAE","POD,FAR,CSI,HSS,FOH",high-elevation,"low elevation, light rainfall events",short time period record,Xu et al. 2017,2017,Journal of Geophysical Research: Atmospheres,https://agupubs.onlinelibrary.wiley.com/doi/epdf/10.1002/2016JD025418
MAN17,Tropical Andes,Multiple regions,Ecuador,South America,-8.25,-75.25,1500000,Rain,Land,,IMERG_F,IMERG_V03,4/15/2020,8/15/2020,5,"1h,3h,daily","0.1,0.25",regional,grid-grid,I,,"1h,3h,.daily",,,TMPA_3B42V7,gs,"COR,RMSE,PBias,CDF","POD,FAR,ACC",high-altitude regions,dry Peruvian coastline,Many pixels (90%) contain just one gauge. substantial point-area difference.,"Manz et al., 2017",2017,Journal of Hydrometeorology,https://journals.ametsoc.org/
DEZ17,Tropical Africa,Multiple nations,"Kenya,Ghana",Africa,-8,5,,Rain,Land,,IMERG_F,IMERG_V04,1/15/2020,12/15/2020,12,12h,0.1,regional,point-grid,F,1,subdaily,,,"TMPA_3B42V7,CHIRPS",gs,"COR,MBias,MAD","POD,FAR,CSI,HSS,FBS",diurnal cycle,"mount. reg, annual cycle",uncertainty due to the comparison of point and gridded datasets ,"Dezfuli et al., 2017",2017,Journal of Hydrometeorology,https://journals.ametsoc.org/jhm/article/18/10/2817/69787/Validation-of-IMERG-Precipitation-in-Africa
SAT17,Various regions,Multiple regions,Bolivia,South America,16,-63,1100000,Rain,Land,,IMERG_F,,3/14/2020,12/16/2020,34,"daily,monthly","0.1,0.25","national,basin",grid-grid,I,,"daily,monthly,annual",,,"TMPA_3B42V7,GSMapgauged_V6",gs,"COR,RMSE,PBias,SD","POD,FAR,CSI,Bias","discretize rainy and non-rainy days,dry season (Altiplano arid region)",high slope regions,Uneven distribution of rain gauges.,"Satgé et al., 2017",2017,Remote Sensing,https://www.mdpi.com/2072-4292/9/4/369
NIN17,Various regions,Multiple regions,China,Asia,35,110,5386.3,Rain,Land,,IMERG_F,IMERG_V04,4/14/2020,3/16/2020,24,daily,0.25,national,grid-grid,I,0.25,daily,,,GSMapgauged_V6,gs,"COR,ME","POD,FAR",monthly precipitation accuracy,"warm rain, conv. storms, mount. reg, heavy rain",Limited to eastern china,"Ning et al., 2017",2017,Advances in Meteorology,https://www.hindawi.com/journals/amete/2017/1803492/
PRA17,"Arabian Sea, Bay of Bengal",Multiple regions,India,Asia,14,88,,Rain,Ocean,diurnal cycle as well,IMERG_F,IMERG_V04,3/14/2020,12/15/2020,22,"1h,3h",0.1,,point-grid,F,,1h,,,TMPA_3B42V7,gs,"COR,RMSE,MSE,Bias,CDF","POD,FAR,CSI,MR",north Indian Ocean.,"Diurnal variations, light, extreme precip events","error in buoy precipitation (wind induced undercatch of gauges, evaporation ).Density of buoys is rather sparse.","Prakash et al., 2017",2017,Theoretical and Applied Climatology,https://link.springer.com/
TAN17,Singapore,National,Singapore,Asia,1.25,103.83,720,Rain,Land,,IMERG_F,IMERG_V04,4/14/2020,1/16/2020,22,"daily,monthly,seasonal,annual",0.1,national,grid-grid,I,,"daily,monthly,seasonal,annual",,,"TMPA_3B42,TMPA_3B42RT",gs,"COR,RMSE,Bias,RBias","POD,FAR,CSI","annual, montly precip estimation","moderate, light (0.1–1 mm/day), heavy (>20 mm/day) precip events.",Very simple averaging method to upscale from point-based precipitation to satellites grid scale. Limited no .of gauges,"Tan et al., 2017",2017,Remote Sensing,https://www.mdpi.com/2072-4292/9/7/720
WAN17,Beijiang River Basin,Single region,China,Asia,24,113.4,38672 ,Rain,Land,Hydrological,"IMERG_E,IMERG_L,IMERG_F",,3/14/2020,12/15/2020,22,daily,0.1,basin,grid-grid,I,0.1,daily,,,TMPA_3B42V7,gs,"COR,RMSE,ME,RBias,SD,CRMSE","POD,FAR",IMERG-F in gridscale and basin scale,"north basin, west and the south parts of the basin
",Too short evaluation period (six storms),"Wang et al., 2017",2017,Atmospheric Research,https://reader.elsevier.com/
YAU17,Chindwin Basin,Single region,Myanmar,Asia,24.5,95.5,110350,Rain,Land,Hydrological,IMERG_F,IMERG_V04,4/14/2020,12/15/2020,21,"daily,monthly",0.1,,point-grid,F,,"daily,monthly",,,TMPA_3B42V7,gs,"COR,RMSE,RBias","POD,FAR","temporal variation patterns, monthly","heavy, light rain, daily scale",only five gauge considered for evaluation,Yuan et al. 2017,2017,Atmospheric Research,https://www.mdpi.com/
O17,Feldbach region,Single region,Austria,Europe,46.9,10.9,300,Rain,Land,,"IMERG_E,IMERG_L,IMERG_F",IMERG_V03,4/14/2020,10/15/2020,14,0.5h,0.1,grid,grid-grid,F,,0.5h,,,,g,"COR,RMSE,MAE,RBias","POD,PDF,CDF",IMERG_F,underestimate highrain rates,"very short period, approach is not applicable for other regions","Beria et al., 2017",2017,Hydrology and Earth System Sciences,https://www.hydrol-earth-syst-sci.net/21/6559/2017/
BER17,Indian River Basins,Multple regions,India,Asia,20.5,78.9,3064764,Rain,Land,Hydrological(86basin),IMERG_F,IMERG_V03,3/14/2020,12/14/2020,10,daily,,basin,basin,F,0.25,daily,,,TRMM,gs,"COR,RMSE,PBias","POD,FAR,NSE","reduction in sys-tematic error dependence on topography, low rainfall estimates",semi-arid northwestern basins,"ver short period, analysis lilmited to basin scale","O et al., 2017",2017,Hydrology and Earth System Sciences,https://www.hydrol-earth-syst-sci.net/21/6117/2017/
ZUB17,Amazon Basin,Single region,Peru & Ecuador,South America,-6,-75,,Rain,Land,Hydrological,IMERG_F,IMERG_V03,3/14/2020,6/15/2020,16,"daily,monthly",0.1,basin,basin,I,,"daily,monthly",,,"TMPA_3B42V7,TMPA_RT",gs,,"POD,FAR,CSI,HSS,FOH",,,over estimation,"Zubieta et al., 2017",2017,Hydrology and Earth System Sciences,https://www.hydrol-earth-syst-sci.net/21/3543/2017/
WAN17B,Mekong River Basin,Multple regions,China,Asia,20,100,795 000,Rain,Land,,IMERG_F,,4/14/2020,1/16/2020,22,"daily,seasonal,annual",0.25,,point-grid,F,,"daily,seasonal,annual",,,TRMM_3B42V7,gs,"COR,RRMSE,RBias","POD,FAR,CSI,ACC","detects slight rainfall, reproduce PDF rain inteensity, capture inter-annual variability","overestimate the amount of rain when the rain is light (less than 8 mm at daily scale), and underestimate when the rain is heavy (more than 14 mm at daily scale)","limited gauge in LMB, coarser resolution and no subdaily evaluation","Wang et al., 2017",2017,IEEE Journal of Selected Topics in Applied Earth Observations and Remote Sensing,https://ieeexplore.ieee.org/document/7879232
MAYR17,Central and Northern Mexico,Single region,Mexico,North America,22.4,105,"11,54,726",Rain,Land,,IMERG_F,,4/14/2020,10/15/2020,19,"1h,daily,seasonal",,,point-grid,,,"1h,daily,seasonal",,,,g,"RMSE,Bias,RBias","POD,FAR,FBI,ETS,NS","daily, seasonal sclae","hourly scale, extreme values of hourly precipitation",sparse gauge distribution,"Mayor et al., 2017",2017,Remote Sensing,https://www.mdpi.com/2072-4292/9/5/503
KIM17,"Korea,Japan",Multiple nations,"Korea,Japan",Asia,,,,Rain,Land,,IMERG_F,IMERG_V03,3/14/2020,8/14/2020,6,"daily,seasonal",0.1,national,point-grid,F,,"daily,seasonal",,,TRMM_3B42V7,gs,"RMSE,Bias,MAE","POD,FAR,ETS,EDS,SEDS,SEDI","monsoon season, convective rainfall",orographic and coastal regions,very short duration,"Kim et al., 2017",2017,Atmospheric Research,https://www.sciencedirect.com/science/article/pii/S0169809516306901
ASO17,Southern Canada,Multiple regions,Canada,North America,50,-90,,Rain,Land,,IMERG_F,IMERG_V03,3/14/2020,1/16/2020,23,"6h,daily,monthly",0.1,regional,"grid-grid,point-grid",F,,"6h,daily,monthly",,,,g,"COR,RMSE,ME","POD,FAR,CSI",continental semiarid interior ecozones,mountainous and coastal regions characterized by heavy P regimes,,"Asong et al., 2017",2017,Journal of Hydrometeorology,https://journals.ametsoc.org/doi/10.1175/JHM-D-16-0187.1
TAN17B,Southeastern United States,Single region,USA,North America,35,-88,,Rain,Land,,IMERG_F,IMERG_V03,6/14/2020,12/15/2020,19,"1h,3h,6h,12h,daily","0.1,0.2 to 0.25",,grid-grid,F,,,"1h,3h,6h,12h,24h",,TRMM_3B42V7,rs,"COR,RMSE,NME,NMAE","POD,FAR,HSC,Bias in detection",improve whenscaled up to larger areas and longer time periods,lower spatiotemporal scales,restrictedtolandand over a limited range of latitudes,"Tan et al., 2017",2017,Journal of Hydrometeorology,https://journals.ametsoc.org/doi/pdf/10.1175/JHM-D-16-0174.1
HE17,Upper Mekong River Basin,Single region,China,Asia,23,100,"1,50,000",Rain,Land,Hydrological,IMERG_F,,5/14/2020,10/15/2020,12,daily,"0.1,0.25",,grid-grid,I,,daily,,,TRMM_3B42V7,gs,"COR,Pbias,BE","POD,FAR,CSI,FOH,HSS",rain ranks lowerthan 10 mm day21and higher than 100 mm day.Detects the occurrences of light-rainand extreme heavy-rain ranks,rain rank falling into the10–50mm/day,restricted to summer season and excluded snowfall,"He et al., 2017",2017,Journal of Hydrometeorology,https://journals.ametsoc.org/doi/pdf/10.1175/JHM-D-16-0198.1
LI17,Ganjiang River Basin,Single region,China,Asia,26.5,114.5,"81,158",Rain,Land,Hydrological,IMERG_F,IMERG_V03,3/14/2020,9/14/2020,7,1h,0.1,"basin,grid",grid-grid,F,,1h,hourly,,,gr,"COR,RMSE,ME,RBias",NSCE,basin scale,grid-scale,,"Li et al., 2017",2017,Atmospheric Research,https://www.sciencedirect.com/science/article/pii/S0169809516302010
SIU17,Khorasan Razavi province,,Iran,Asia,35.1,59.1,"118,851 ",Rain,Land,,IMERG_F,IMERG_V03,3/14/2020,12/14/2020,10,3h,0.1,national,point-grid,F,,3h,,,TRMM_3B42V7,gs,"COD,RMSE,MAE,Mbias,RBias","POD,FAR,CSI",better than TMPA statistically,underestimated rainfal,,"Siuki et al., 2017",2017,International Journal of Remote Sensing,https://www.tandfonline.com/doi/abs/10.1080/01431161.2016.1268735
TAN18,Malaysia,National,Malaysia,Asia,4,109.5,330000,Rain,Land,,"IMERG_E,IMERG_L,IMERG_F",IMERG_V04,3/14/2020,2/16/2020,24,"daily,monthly,seasonal,annual","0.1,0.25",national,grid-grid,I,,"daily,monthly,seasonal,annual",,,"TMPA_3B42V7,3B42RT,PERSIANN-CDR",gs,"COR,RMSE,RBias","POD,FAR,CSI","NE monsoon, eastern peninsular ","northern-peninsular, regions with high spatio-temporal variability of precip", Uneven rain gauge distribution (due to forest area).,"Tan and Santo, 2018",2018,Atmospheric Research,https://www.sciencedirect.com/
ASO18,Southern Canada,Multiple regions,Canada,North America,52,-95,,Rain,Land,,IMERG_F,IMERG_V03,3/14/2020,1/16/2020,23,"6h,daily,monthly",0.1,regional,"grid-grid,point-grid",F,0.1,"6h,daily,monthly",,,,g,"COR,RMSE,ME","POD,FAR,ETS,EDS,SEDS,Fbias","regional variations of mean daily precipitation,istribution of heavy precipitationamounts ",over-detection of heavy precipitation events,,"Asong et.,al, 2018",2018,Journal of Hydrometeorology,https://journals.ametsoc.org/doi/full/10.1175/JHM-D-16-0187.1
WAN18,Global ,Global ,,Global,,,,Rain,"Land,Ocean",,IMERG_F,"IMERG_V03,IMERG_V04,IMERG_V05",6/14/2020,5/15/2020,12,daily,2.5,,grid-grid,I,,daily,,"GPCP_V_2.3,MSWEP_V_2.1",,gs,"COR,BR,VR","POD,FAR,CSI",IMERG V04 and V05 show significant improvements over oceans,the difference over land is less significant.,"more gauges in southern and eastern China, fewer gauges are located in northern and western China",Wang et al. 2018,2018,Journal of Hydrology,https://www.sciencedirect.com/science/article/pii/S0022169418304864
SUN18,Contiguous US,National,USA,North America,40,-90,12000000,Rain,Land,Diurnal Cycle,IMERG_F,IMERG_V04,,,6,"1h,12h",1,,grid-grid,F,0.009,,"1h,12h",,,gr,COR,,diurnal and semidiurnal variations,"region specific, mount. reg, conv. reg","Limited to local level and 2 summer period (Jun-Aug, 2014-15)","Sungmin and Kirstetter, 2018",2018,Quarterly Journal of the Royal Meteorological Society,https://rmets.onlinelibrary.wiley.com/doi/10.1002/qj.3218
SU18,Various regions,Multiple regions,China,Asia,35.5,104,,Rain,Land,error analysis,IMERG_F,"IMERG_V04,IMERG_V05",4/14/2020,12/16/2020,33,3h,0.1,"national,regional",grid-grid,F,0.1,3hr,,,GSMaP_V7,gs,"COR,RMSE,MAE,RBias","POD,FAR,CSI",V05C can best reproduce the PDF in terms of precipitation intensity,IMERG V05 products in east and south China,Rain gauges unevenly distributed through mainland China,"Su et al., 2018",2018,Remote Sensing,https://www.mdpi.com/2072-4292/10/9/1420
CHI18,Calabria ,Single region,Calabria ,Europe,39,16.5,15000,Rain,Land,created a merged product,IMERG_E,IMERG_V04,3/15/2020,12/16/2020,22,"0.5h,1h,3h,6h,12h,daily",0.1,,grid-grid,I,,"0.5h,1h,3h,6h,12h,24h",,,"SM2RASC,IMERG?+?SM2RASC",gs,"COR,RMSE,Bias","POD,FAR",time resolutions >6?h,"daily scale, southern parts",interpolation of IMERG to 12.5 km,"Chiravalloti et al., 2018",2018,Atmospheric Research, https://www.sciencedirect.com/
RAH18,Pakistan,National,Pakistan,Asia,30.5,68.5,796000,Rain,Land,propose an EP algorithm,IMERG_F,,1/15/2020,12/16/2020,24,daily,0.25,regional,grid-grid,I,,daily,,,"TMPA_3B43V7,PERSIANN",gs,"COR,RMSE,ME","POD,FAR,CSI",plain elevation,"highly elevated zones, arid zones",coarser scale evaluation,"Rahman et al., 2018",2018,Remote Sensing,https://www.mdpi.com
OMR18,Various regions,Multiple regions,USA,North America,31.15,-100.05,695663,Rain,Land,Hurricane,IMERG_F,IMERG_V05,8/18/2020,8/18/2020,0.13,1h,0.1,,grid-grid,F,,,1h,,,r,"COR,RMSE,ME,RBias","POD,FAR,CSI,PSS",appropriately detect and trace hurricane spatial path  and variability,"precip rate, excessive amount of rainfall, lower intensities, storm core.",Analysis performed only over radar grids with cumulative rainfall records of over 10 mm,"Omranian et al., 2018",2018,Remote Sensing,https://www.mdpi.com/2072-4292/10/7/1150
PRA18,India,National,India,Asia,22.5,82.7,3287590,Rain,Land,,IMERG_F,IMERG_V03,6/14/2020,9/14/2020,4,daily,0.25,national,grid-grid,I,0.25,daily,,,"TMPA_3B42V7,GSMaP_V6",gs,"COR,RMSE,MAE,CV","POD,FAR,FBI,PSS","mean monsoon rainfall and its variability, low precip rates.","orog. precip (NE), rain-shadow region (SE peninsular), comlex topograpy",Sparse gauge distribution over some regio. Only one monsoon season,"Prakash et al., 2018",2018,Journal of Hydrology, https://www.sciencedirect.com/
MA18,Tibetan Plateau,Single region,China,Asia,33,88.5,2500000,Rain,Land,Downscaling,IMERG_F,IMERG_V05,1/15/2020,12/15/2020,12,"daily,monthly","0.1,0.25",,,T,,"daily,monthly",,,TMPA_3B43V7 ,gs,"COR,RMSE,Bias,MAE",,wet seasons,dry seasons.,sparsely and unevenly distribution of gauge over the TP,"Me et al., 2018,",2018,Remote Sensing,https://www.mdpi.com/2072-4292/10/12/1883
TIA18,Various regions,Multiple regions,China,Asia,32.5,112.5,6250000,Rain,Land,density of raingauge,,,,,14,"1h,daily",0.1,regional,point-grid,F,,"1h,daily",,,,g,"Bias,ABias,ME,MAE","POD,FOH",denser rain gauge network ,POD in dense raingauge,based on a relatively short temporal record,"Tian et al., 2018",2018,Journal of Hydrometeorology,https://journals.ametsoc.org/doi/full/10.1175/JHM-D-17-0161.1
RAM18,Germany,Single nation,Germany,Europe,51,10.5,"357,021 km2.",Rain,Land,,IMERG_F,IMERG_V05,12/14/2020,11/17/2020,36,,0.1,national,grid-grid,F,,,"hourly,seasonal",,,r,"COR,RMSE,Bias,MAE","POD,FAR,CSI,FBI,HSS",,"overestimates the quantity in winter,  topographically-induced precipitation",datasets are not complete independent,"Ramsauer et.al.,2018",2018,Remote Sensing,https://www.mdpi.com/2072-4292/10/12/2029/htm
LU18,Tibetan Plateau,,China,Asia,32.5,89,"25,00,000",Rain,Land,Hydrological,IMERG_F,IMERG_V06,4/14/2020,3/17/2020,36,"daily,monthly,seasonal",0.25,"grid,basin",grid-grid,I,0.25,"daily,monthly,seasonal",,,"GSMaP-MVK,GSMaP-Gauge",gs,"COR,RMSE,RRMSE,RBias,ME","POD,FAR,FBI,ETS,NSE",spatial patterns of precipitation,measuring light rainfall and winter snow,,"Lu et.al.,2018",2018,Remote Sensing,https://www.mdpi.com/2072-4292/10/12/2022
ZHA18,USA,Single nation,USA,North America,40,-95,2700,Rain,Land,,"IMERG_E,IMERG_F",IMERG_V05,8/15/2020,7/17/2020,24,"1h,daily,seasonal",0.1,,grid-grid,F,,,,"hourly,daily,seasonal",,m,"COR,Bias,MAD",,temperature > 270 K,"<270 K, theWRF product is more accurate than the IMERG","limited to particular location, short duration","Zhang et.al.,2018",2018,Journal of Hydrometeorology,https://journals.ametsoc.org/doi/full/10.1175/JHM-D-18-0153.1
JIA18,Mishui Basin,Single region,China,Asia,26.5,113,9972,Rain,Land,Hydrological,"IMERG_E,IMERG_L,IMERG_F",IMERG_V05,4/14/2020,12/15/2020,21,"daily,monthly",0.25,"grid,basin",grid-grid,I,,"daily,monthly",,,"TMPA_3B42V7, TMPA_RT",gs,"COR,RMSE,CRMSE,RBias,ME,SD","POD,FAR,NSE","IMERG_F, basin scale",grid scale,,"Jiang et.al.,2018",2018,Atmospheric Research,https://www.sciencedirect.com/science/article/pii/S0169809518307634
HUA18,Taiwan,Multiple regions,Taiwan,Asia,23,121,"36,192",Rain,Land,,IMERG_F,IMERG_V05,3/14/2020,2/17/2020,36,"1h,daily,monthly,seasonal,annual",0.1,"national,regional",grid-grid,F,0.1,"daily,monthy,seasonal,annual,diurnal, semi-diurnal",,,,g,"RMSE,anomolies",,"plains, bimodal pattern,seasonal counterclockwise rotation feature","mountainous area, warm seasons",,"Huang et.al.,2018",2018,Atmospheric Research,https://www.sciencedirect.com/science/article/pii/S0169809518304666
CAR18,Sardinia and Sicily,,Italy,Europe,37,14,"49,801",Rain,Land,,IMERG_F,IMERG_V04,1/15/2020,12/17/2020,36,"1h,3h,6h,12h,1d to 60d",0.1,,grid-grid,F,,"1h,daily,aggregation time scale",,,,g,"COR,S-RMSE,S-MBE","POD,FAR,CSI,MISS",greement betweenGPMandmeasures is better in terms of total volume above a given thresholdrather than in terms of occurrences above the same threshold,"proximity of land-sea transition, coastline pixels",,"Caracciolo et.al.,2018",2018,Atmospheric Research,https://www.sciencedirect.com/science/article/pii/S0169809518300747
WU18,China,Multiple regions,China,Asia,35.5,104,"96,00,000",Rain,Land,,"IMERG_E,IMERG_L",IMERG_V05,1/15/2020,12/16/2020,24,daily,0.1,"national,regional",point-grid,F,,daily,,,3B42RT,gs,"COR,RMSE,ME,MAE,RMAE","POD,FAR,CSI",wet areas with relatively heavy rainfall intensity and/or during wet season,wet areas with relatively heavy rainfall intensity and/or during wet season,"sparsely spaced raingauges  in the northern and western parts, especially in the Tibetan Plateau.","Wu et.al.,2018",2018,Remote Sensing,https://www.mdpi.com/2072-4292/10/11/1778
RET18,Cyprus,,Cyprus,Asia,35.12,33.4,9251,Rain,Land,,IMERG_F,IMERG_V04,4/14/2020,2/17/2020,35,"daily,monthly",0.1,,point-grid,F,,"daily,monthly",,,,g,Bias,"POD,FAR,POFD,SR,TS",monthly scale,extreme precipitation,detailed analysis is missing,"Retails et.al.,2018",2018,Remote Sensing,https://www.mdpi.com/2072-4292/10/10/1520
SAT18,Pakistan,,Pakistan,Asia,30.5,69,"8,03,940",Rain,Land,,IMERG_F,"IMERG_V03,IMERG_V04,IMERG_V05",1/15/2020,12/15/2020,12,"daily,monthly",0.25,"national,regional",grid-grid,I,,"daily,monthly",,,"TMPA,GsMaPV06_07,CMORPH",gs,"COR,CRMSE,Pbias,SD","POD,FAR,CSI,HSS",monthly precipitation estimates,glacial regions,monthly timescale is strongly dependent on the gauge adjustment.,"Satge et.al.,2018",2018,Remote Sensing,https://www.mdpi.com/2072-4292/10/9/1373
TAN18B,Kelantan River Basin,,Malaysia,Asia,5,102,"12,134",Rain,Land,Hydro_SWAT,"IMERG_E,IMERG_L,IMERG_F",IMERG_V05,3/14/2020,12/16/2020,34,"daily,monthly",,,point-grid,,,"daily,monthly",,,,g,"COR,RMSE,RB,MAD","POD,FAR,CSI,ETS,ACC",temporal variability of monthly precipitation,IMERG_F did not show significant improvement compared to the near real-time products in hydro-meteorological assessment,"point to pixel comparison, limited daily and monthly scale","Tan et.al.,2018",2018,Remote Sensing,https://www.mdpi.com/2072-4292/10/7/1011
ANJ18,Northern highlands of Pakistan,Single region,Pakistan,Asia,35,74,,Rain,Land,,IMERG_F,IMERG_V04,4/14/2020,12/16/2020,33,"daily,monthly,seasonal,annual",0.25,,grid-grid,I,,"daily,monthly,seasonal,annual",,,3B42V7 and 3B42RT,gs,"COR,RMSE,Bias,RB","POD,FAR,CSI","monthly,annual.Winter season, followed by autumn, summer, and spring.","daily, light precipitation events, mountainous regions","limited daily and monthly scale, interpolation","Anjum et.al.,2018",2018,Atmospheric Research,https://www.sciencedirect.com/science/article/pii/S0169809517311018
CHE18,Huaihe River Basin,Single region,China,Asia,33.5,117,"2,70,000",Rain,Land,impact of elevation,IMERG_F,IMERG_V05,1/15/2020,12/17/2020,36,"daily,monthly,annual","0.25,0.1","basin,grid",point-grid,F,,"daily,monthly,annual",,,3B42 v7,gs,"COR,RRMSE,RB","POD,FAR,CSI","monthly,annual","daily, underestimate light and heavy rainrates","no subdaily evaluation, grid-point comparison","Chen et.al.,2018",2018,Remote Sensing,https://www.mdpi.com/2072-4292/10/6/944
ROZ18,Brazil,Multiple regions,Brazil,South America,-14.23,-51.92,"85,15,759",Rain,Land,,IMERG_F,IMERG_V06,4/14/2020,2/17/2020,35,daily,0.25,"national,regional",point-grid,I,,daily,,,"TMPA_V7,GsMaP_gauge",gs,"RMSE,ME","POD,FAR,CSI,Bias,ETS","IMERG,GsMap better than TMPA",over estmation(except eastern coast of northeastern Brazil),,"Rozante et.al.,2018",2018,Remote Sensing,https://www.mdpi.com/2072-4292/10/6/882
SU18B,Eastern China,Multiple regions,China,Asia,32,115,"1,00,000",Rain,Land,,IMERG_F,IMERG_V04,3/16/2020,7/16/2020,0.06,daily,,"grid,regional",,,,daily,,ERA-Interim,G_CMORPH,gsm,"COR,RMSE,RB","POD,FAR,CSI",capturingthe main features of these heavy rain events,overestimate the rain intensity,short time period record,"Sui et al.,2018",2018,IEEE Geoscience and Remote Sensing Letters,https://ieeexplore.ieee.org/document/8272384
GEB18,CONUS,National,USA,North America,36,-92.5,"76,63,942",Rain,Land,,IMERG_L,IMERG_V03,4/14/2020,12/14/2020,9,"3h,seasonal",0.25,,grid-grid,I,,,"3h,seasonal",,TMPA_RT,rs,"COR,RMSE,Pbias,d","TB,HB,MB,FB",iss-rain is substantially reduced and the hit rate is improved for requency and area coverage.,false preci-pitation  in terms of frequency of occurrence andarea coverage,"spatial and temporal aggregation, short period, limited to CONUS ","Gebregiorgis et al.,2018",2018,Journal of Geophysical Research: Atmospheres,https://agupubs.onlinelibrary.wiley.com/doi/full/10.1002/2017JD027606
TIA18B,China,Multiple regions,China,Asia,33,110,"4,20,800",Rain,Land,,,,4/14/2020,10/15/2020,14,"1h,daily",0.1,regional,point-grid,F,,"1h,daily",,,,g,"Bias,Abias,ME,MAE","POD,FOH",dense rain gauge network tends to provide better evaluation metrics,"overestimate (underestimate) light (heavy) rainfall events,","short period, limited to two warm seasons","Tian et al.,2018",2018,Journal of Hydrometeorology,https://journals.ametsoc.org/doi/pdf/10.1175/JHM-D-17-0161.1
WEI18,"Tibetan Plateau, Huaihe River Basin, Weihe River Basin.",Multiple regions,China,Asia,33,104,"29,04,800",Rain,Land,,IMERG_F,"IMERG_V03,IMERG_V04",6/14/2020,11/15/2020,18,"daily,seasonal",0.25,,point-grid,I,,"daily,seasonal",,,"TMPA,CMORPH_CRT",gs,"COR,RMSE,RRMSE,RBias",,captures the spatial patterns of precipitation,"underestimate the total precipitation in winter, Tibetan Plateau",,"Wei et al.,2018",2018,Remote Sensing,https://www.mdpi.com/2072-4292/10/1/30
ZHA18B,China,Multiple regions,China,Asia,35.5,104,"96,00,000",Rain,Land,,IMERG_F,"IMERG_V03,IMERG_V04",3/14/2020,2/15/2020,12,"daily,seasonal,annual",0.25,"national,regional",grid-grid,I,0.25,,,,GSMaP_V06,gs,"COR,RMSE,RB,FSE","POD,FAR,FBI,TE,PSS",,IMERG_V04 doesn't show significant improvement over IMERG_V3,,"Zhao et al.,2018",2018,Remote Sensing,https://www.mdpi.com/2072-4292/10/1/34
MOH18,Saudi Arabia,Multiple regions,Saudi Arabia,Asia,23.8,45.07,"20,00,000",Rain,Land,,"IMERG_E,IMERG_L,IMERG_F",,10/15/2020,4/16/2020,7,daily,0.1,"national,regional",point-grid,F,,daily,,,,g,"COR,RMSE,RB,MAE","POD,CSI",consistent in detecting precipitation events,high variability in the terrestrial topography regions,,"Mahmoud et al.,2018",2018,Journal of Hydrology,https://www.sciencedirect.com/science/article/pii/S002216941830091X
KHA19,"Atlantic, Pacific Ocean",Multiple regions,,Global,,,,Rain,Ocean,,"IMERG_E,IMERG_L,IMERG_F",IMERG_V05,3/14/2020,2/17/2020,36,daily,"0.5,1,2,3",,grid-grid,I,,daily,daily,,3DPRD,gsr,"COR,RMSE,SD","POD,CSI,SR,HB",Rain events detected by all IMERG products ~80% of the time,IR estimates,"OceanRAIN provides very limited spatio-temporal measurements, Only a few years overlap with the GPM mission.","Khan et al., 2019 ",2019,Remote Sensing,https://www.mdpi.com/2072-4292/11/3/255/htm
HUA19,Southern China,National,China,Asia,35,113,2400000,Rain,Land,Extreme,IMERG_F,IMERG_V05,,,,1h,0.1,national,grid-grid,I,,1h,,,,g,"COR,RMSE,RBias","POD,FAR,CSI,HB,MB,FB",temporal variation of the area-average hourly precip,"light precip (<0.6 mm/h), light to moderate precip (0.6–6 mm/h).",Too short evaluation period (shorter than one year),"Huang et al., 2019",2019,Remote Sensing,https://www.mdpi.com/2072-4292/11/1/70
FAN19,China,National,China,Asia,22.9,105,3146000,Rain,Land,Extreme,IMERG_F,IMERG_V05,4/14/2020,12/17/2020,45,annual,0.1,regional,point-grid,F,,annual,,,TRMM_3B42V7,gs,"COR,RMSE,RBias,RE","POD,FAR,CSI","south and east China, spatial pattern, volume of extreme precip","arid west China, high-altitude, orog. precip, convective ",grid data and rain gauge measurement with nearest grid-to-point.,"Fang et al., 2019",2019,Atmospheric Research,https://www.sciencedirect.com/science/article/pii/S0169809518311499
ZHA19,Ganjiang River,Single region,China,Asia,26.5,114.5,83500,Rain,Land,Hydrological_eva,"IMERG_E,IMERG_L",,5/14/2020,10/15/2020,18,"daily,monthly",0.25,basin,grid-grid,I,,"daily,monthly",,,"TMPA_3B42,v3B42RTV6,3B423B42RTV7,3B423B42V6and3B423B42V7",gs,"COR,RMSE,RBias","POD,FAR,CSI,NSCE",spatial pattern of precip. Better than 3B42V7 at daily scale.,"east, central regions.",resampling of IMERG to 0.25,"Zhang. et. al.,2019",2019,Remote Sensing,https://www.mdpi.com/2072-4292/11/4/431/htm
ZHA19B,Guangdong,Single region,China,Asia,22.85,113.35,493801,Rain,Land,Extreme,IMERG_F,IMERG_V05,5/17/2020,5/17/2020,0.03,"1h,daily",0.1,national,grid-grid,I,,1h,"hourly,daily",,"GSMaP_MVK,GSMaP_Gauge",gsr,"COR,RMSE,RBias,FSE","POD,FAR,CSI","spatial patterns, hourly","storm-accumulated precip, warm-sector extreme precip",based only on an extreme precipitation over Guangdong,"Zhang. et. al.,2019",2019,Atmospheric Research,https://www.sciencedirect.com/science/article/pii/S0169809518307063?via%3Dihub
YUA19,Chindwin River Basin,Single region,Myanmar,Asia,24.5,95.5,150000,Rain,Land,Hydrological_perfom,"IMERG_E,IMERG_L,IMERG_F",IMERG_V05,4/14/2020,12/16/2020,33,"3h,12h",0.25,basin,grid-grid,I,,"3h,12h",,,"GSMaP-NRT,GSMaP_MVK,GSMaP_Gauge,TMPA_3B42RT,3B42V7",gs,"COR,RMSE,RBias","POD,FAR,CSI,NSE","In case post-real-time SPP, IMERG-F V05B, demonstrates better than 3B42V7",in the case of near-real-time SPPs IMERG has still behind that of 3B42RT.,"involves large uncertainties from precipitation input, parameter calibration, and hydrological model structure","Yuan. et. al.,2019",2019,Remote Sensing,https://www.mdpi.com/2072-4292/11/2/140
YAN19,Tianshan Mountains,Single region,China,Asia,42.5,85,800000,Rain,Land,,"IMERG_E,IMERG_F",IMERG_V05,5/14/2020,10/17/2020,42,"daily,monthly,seasonal,annual",0.1,national,point-grid,F,,"daily,monthly,seasonal,annual",,,"TRMM_3B42V7,3B42RT",gs,"COR,RMSE,Bias,RBias","POD,FAR,CSI","IMERG-F in cpaturing light precip, occurance of daily precip.","IMERG-E, IMERG-F in detection of moderate to heavy precip.",Coarse temporal and spatial resolution,"Yang. et. al.,2019",2019,Water,https://www.mdpi.com/2073-4441/11/6/1139
XU19,Huang-Huai-Hai Plain,Single region,China,Asia,36,116.5,300000,Rain,Land,Dirunal cycle,IMERG_F,IMERG_V05,1/15/2020,12/17/2020,36,"daily,monthly,seasonal,annual",0.1,national,point-grid,F,,"daily,monthly,seasonal,annual",,,TRMM_3B42V7,gs,"COR,RMSE,RBias","POD,FAR,CSI,ACC",precip detection capability slightly improves compared to 3B42V7. ,"winter, daily scale.",Coarse temporal and spatial resolution,"Xu. et. al.,2019",2019,Remote Sensing,https://www.mdpi.com/2072-4292/11/6/697
WAN19,Hexi Region,Single region,China,Asia,39.9,98.7,317200,Rain,Land,,IMERG_F,IMERG_V05,4/14/2020,9/17/2020,42,"daily,monthly,seasonal,annual",0.1,basin,point-grid,F,,"daily,monthly,seasonal,annual",,,TRMM_3B42V7,gs,"COR,RMSE,RRMSE,Rbias","POD,FAR,CSI","moderate, heavy rain events, warm seasons","desert and oasis area, mount. reg.","sample size, the period ana-lyzed, and the characteristics of the Hexi region,","Wang. et. al.,2019",2019,Atmospheric Research,https://www.sciencedirect.com/science/article/pii/S0169809518311761?via%3Dihub
WAN19B,Tibetan Plateau,Single region,China,Asia,30,91.5,32588,Rain,Land,,IMERG_F,IMERG_V05,4/14/2020,10/17/2020,12,daily,0.1,regional,point-grid,F,,"daily,monthly,seasonal,annual",,,TRMM_3B42V7,gs,"COR,RMSE,MBE,Bias","POD,FAR,FBI,ETS","monthly scale, grid cell","daily scale, trace (0.1~1 mm/day), torrential precip (>50 mm/day).","only described elevation and slope affect on the accuracy of SPP, but the effect of topographic features are quite complex.","Wang. et. al.,2019",2019,Remote Sensing,https://www.mdpi.com/2072-4292/11/18/2080
WAN19C,Guangdong Province,Multiple regions,China,Asia,24.6,113.4,38672,Rain,Land,,IMERG_F,"IMERG_V03,IMERG_V04,IMERG_V05",5/14/2020,12/16/2020,32,"1h,3h,daily,monthly,annual","0.1,0.25",regional,point-grid,F,,"1h,3h,daily,monthly,annual",,,"TRMM_3B42V8,CMPA",gs,"COR,RMSD,Bias,RBias","POD,FAR,CSI",IMERGV05 in detecting the light rain and heavy rain.,"IMERGV05 in hourly/half-hour accumulation, mount. reg, coastal areas.",different density/distribution of available rain gauges,"Wang. et. al.,2019",2019,International Journal of Climatology,https://rmets.onlinelibrary.wiley.com/doi/abs/10.1002/joc.5839
SUN19,"Japan, Nepal, Philipines",Multiple nations,"Japan, Nepal, Philipines",Asia,,,,Rain,Land,,IMERG_F,IMERG_V05,3/14/2020,12/15/2020,22,"daily,monthly,seasonal,annual",0.1,regional,grid-grid,I,0.1,"daily,monthly,annual",,,,g,"COR,RMSE,Bias","POD,FAR,FBIAS,ETS","seasonal variation, monthly mean precip statistics","heavy rainfall events, southeastern part of NPL",coarser temporal resoulution (no sub daily comparision),"Sunil. et. al.,2019",2019,Earth and Space Science,https://agupubs.onlinelibrary.wiley.com/doi/full/10.1029/2018EA000503
SU19,Upper Huaihe River Basin,Single region,China,Asia,32.1,59.345,16000,Rain,Land,Hydrological_eval,"IMERG_E,IMERG_L,IMERG_F",IMERG_V06,4/14/2020,12/15/2020,21,daily,0.1,basin,grid-grid,I,,daily,,,,g,"COR,RMSE,RBias","POD,FAR,CSI",IMERG-F,IMERG-E - light precip,very short duration,"Su. et. al.,2019",2019,Atmospheric Research,https://www.sciencedirect.com/science/article/pii/S0169809519300249?via%3Dihub
SIN19,Various regions,Multiple regions,India,Asia,21,81.5,7792400,Rain,Land,Evaluated HE product,IMERG_E,,6/16/2020,9/16/2020,4,,0.1,regional,grid-grid,I,0.25,,,,"INSAT-3D,IMSRA,NMSG(merged_IMD_GPM),HE",gs,"COR,RMSE,PBias,D,NSE",,coastal and plain region,hilly region.,"study focused on the evaluation HE product. High temporal, spatial resolution","Singh. et. al.,2019",2019,Journal of Hydrology,https://www.sciencedirect.com/science/article/pii/S0022169419301738?via%3Dihub
SAL19,Brazilian Central Plateau,Single region,Brazil,South America,-15.8,-47.9,8712,Rain,Land,,IMERG_F,IMERG_V05,3/14/2020,11/16/2020,33,"daily,monthly,annual","0.1,0.25",regional,grid-grid,I,,"daily,monthly,annual",,,"GSMaP_V7,TMPA_3B42V7",gs,"COR,RMSE,Bias","POD,FAR,CSI","annual, monthly, wet season","daily precip amount, dry period.",coarser temporal resoulution (no sub daily comparision),"Salles. et. al.,2019",2019,Water,https://www.mdpi.com/2073-4441/11/4/668
SAD19,Western United States,National,USA,North America,39.69,-119.49,12357,Snow,Land,IMERG_FUncal,IMERG_F,IMERG_V04,10/16/2020,2/17/2020,5,daily,0.1,,point-grid,F,,daily,daily,,,gr,"COR,RMSE,Bias,RBias,MBias,MAE","POD,FAR,CSI","moderate snowfall condition, snowfall detection",snow accumulation (SA),did not deal with snow drift issue. imited sample size,"Sadeghi. et. al.,2019",2019,International Journal of Remote Sensing,https://www.tandfonline.com/doi/full/10.1080/01431161.2018.1562259?scroll=top&needAccess=true
NAV19,Europe,Multiple regions,,Europe,48,10,32200000,Rain,Land,,IMERG_F,IMERG_V06,6/14/2020,12/18/2020,55,"monthly,seasonal,annual",0.1,"national,regional",grid-grid,F,0.1,"monthly,seasonal,annual",,,,g,"COD,PDF,D",,"precip climatology, seasonal cycles","mount. reg, coastal areas with complex orography",some regions have scarcity of rain gauge stations,"Navarro. et. al.,2019",2019,Remote Sensing,https://www.mdpi.com/2072-4292/11/21/2470
MAH19,United Arab Emirates,Multiple nations,UAE,Asia,24.325,53.95,83600,Rain,Land,,"IMERG_E,IMERG_L,IMERG_F",IMERG_V03,1/15/2020,12/17/2020,36,daily,0.1,regional,point-grid,F,,daily,,,,g,"COR,RMSE,RBias,MAE","POD,CSI","northern, middle, western parts of the UAE",eastern and northeastern parts of the UAE,ground rain records could not be obtained to cover the entire duration for which IMERG,"Mahmoud. et. al.,2019",2019,Atmospheric Research,https://www.sciencedirect.com/science/article/pii/S0169809518311670?via%3Dihub
LIA19,Nanliu River Basin,Single region,China,Asia,21.8,110.15,8600,Rain,Land,Hydrological_eval,"IMERG_E,IMERG_F",IMERG_V05,3/14/2020,12/16/2020,34,"daily,monthly",0.1,basin,grid-grid,I,,"daily,monthly",,,,g,"COR,RMSE,RBias,PDF","POD,FAR,CSI","Spring, precip patterns.","Autumn,  precip rates from 5 mm/day - 30 mm/day.",did not considered subdaily evaluation,"Liang. et. al.,2019",2019,Water,https://www.mdpi.com/2073-4441/11/5/932
LI19,Mun-chi River Basin,Single region,Thailand,Asia,16,104,120000,Rain,Land,Hydrological_eval,IMERG_F,"IMERG_V03,IMERG_V04,IMERG_V05",3/14/2020,1/16/2020,23,"1h,daily,monthly",0.1,basin,grid-grid,I,,"daily,monthly",,,TRMM_3B42V7,gs,"COR,RMSE,SD",,"NE -Thailand, IMERG V5 daily product",high bias,limited evaluation indices,"Li. et. al.,2019",2019,Water,https://www.mdpi.com/2073-4441/11/4/818/htm
LEE19,East Asia,Multiple nations,,Asia,35,107.5,22500000,Rain,"Land,Ocean",,IMERG_F,IMERG_V03,6/14/2020,5/15/2020,12,daily,0.5,national,grid-grid,I,0.5,daily,,,"TMPA_3B42V7,CMORPH",gs,Bias,"POD,FAR,CSI,SR","daily precip for all seasons, seasonal variations.",winter,short period,"Lee. et. al.,2019",2019,Theoretical and Applied Climatology,https://link.springer.com/article/10.1007%2Fs00704-018-2749-1
JIA19,Various regions,Multiple regions,China,Asia,35.5,104,"96,00,000",Rain,Land,Hydrological_perfom,"IMERG_E,IMERG_F",IMERG_V05,1/16/2020,12/17/2020,24,daily,0.1,"national,regional",point-grid,F,,daily,,,TRMM_3B42V7,gs,"COR,RMSE,RE,MAE","POD,FAR,CSI",humid areas,"high elevation, tropical and arid zones.",short period,"Jiang. et. al.,2019",2019,Journal of Hydrology,https://www.sciencedirect.com/science/article/pii/S0022169419302422?via%3Dihub
GAD19,Brazilian,National,Brazil,South America,-14.25,-54.3,8500000,Rain,Land,,IMERG_F,IMERG_V05,1/16/2020,12/16/2020,12,"daily,monthly,annual",0.1,"national,regional",grid-grid,I,,"daily,monthly,annual",,,,g,"COR,RMSE,ME","POD,FAR,CSI",spatial patterns of rainfall,coastal region,low density of rain gauges used ,"Gadelha. et. al.,2019",2019,Atmospheric Research,https://www.sciencedirect.com/science/article/pii/S016980951831072X?via%3Dihub
DER19,Multiple Complex Terrains,Multiple regions,,Global,,,,Rain,Land,,"IMERG_E,IMERG_F","IMERG_V05,IMERG_V06",,,22,"daily,monthly",0.1,,grid-grid,I,,"daily,monthly",,,"GSMaPV07,CMORPH,MSWEPV2.2",gs,"MRE,CRMSE","PDF,NMRV","IMERGV05B  in lighter,  heavier precip",IMERGV06B-Late in mean annual precip,evaluations of SPPs over these regions are not fully independent to the gauges used in the gauge adjustment of the SPPs,"Derin. et. al.,2019",2019,Remote Sensing,https://www.mdpi.com/2072-4292/11/24/2936
CHE19,Lancang River Basin,Single region,China,Asia,29.675,96.755,87205,Rain,Land,Hydrological_perfom,"IMERG_E,IMERG_L",,3/14/2020,11/17/2020,45,"daily,monthly",0.25,basin,grid-grid,I,0.25,"daily,monthly",,,TMPA_3B42V7,gs,"COR,RMSE,Bias,NMSE,CRMSE","POD,CSI,FOH,HSS","detectability, accuracy in gorge areas",winter,interpolation of IMERG resolotion from 0.1 to 0.25,"Chen. et. al.,2019",2019,Hydrology Research,https://iwaponline.com/hr/article/50/6/1710/70200/Accuracy-evaluation-of-GPM-multisatellite
BEA19,French Guiana,National,French Guiana,South America,4,-53.5,80000 ,Rain,Land,,IMERG_E,,4/15/2020,3/16/2020,12,"daily,monthly",0.1,,point-grid,F,,"daily,monthly",,,"TMPA_3B42V7,HE",gs,"COD,RMSE,Bias,NSE","POD,FAR",dry season (August–October),"rainy season, daily performance, low - high intensity precip.",GPM has no common period for comparision in longer duration with the other datasets,"Beafort. et. al.,2019",2019,International Journal of Remote Sensing,https://www.tandfonline.com/doi/full/10.1080/01431161.2018.1511934
ANJ19,Tianshan Mountains,Single region,China,Asia,42.5,85,800000,Rain,Land,,IMERG_F,"IMERG_V05,IMERG_V06",6/14/2020,12/17/2020,43,"daily,monthly",0.1,"national,regional",point-grid,F,,"daily,monthly",,,TRMM_3B42V7,gs,"COR,RMSE,Bias,RBias","POD,FAR,CSI,FBI","large spatial domains,spatiotemporal variability of daily precip ","small-scale regions,  western parts, light precip events.",limited to only the Chinese part of these mountains.,"Anjum. et. al.,2019",2019,Remote Sensing,https://www.mdpi.com/2072-4292/11/19/2314
XU19B,China,Single region,China,Asia,35.5,104,"96,00,000",Rain,Land,,IMERG_F,IMERG_V06,6/18/2020,8/18/2020,3,"1h,daily,monthly",0.1,national,grid-grid,F,,"1h,daily,monthly",,,"FY-2G,FY-2G",gs,"COR,RMSE,Bias,MAE","POD,FAR,CSI,SR",monthly,"hourly and daily,  06:00 to 10:00 UTC (diurnal scale)","very short duration, single season (summer2018)","Xu. et. al.,2019",2019,Remote Sensing,https://www.mdpi.com/2072-4292/11/24/2992
SU19B,China,Multiple regions,China,Asia,35.5,104,"96,00,000",Rain,Land,,"IMERG_E,IMERG_L,IMERG_F",IMERG_V05,4/14/2020,3/18/2020,48,daily,0.1,"national,basin",point-grid,F,,,,,"TMPA-RT,TMPA-V7",s,"COR,RMSD,RBias","POD,FAR",,,,"Su. et. al.,2019",2019,Earth and Space Science,https://agupubs.onlinelibrary.wiley.com/doi/10.1029/2019EA000977
SHA19,Al-Jabal Al-Akhdar chain,single region,Oman,Asia,22.5,57.5,"3,09,814",Rain,Land,,"IMERG_E,IMERG_L,IMERG_F",IMERG_V04,3/14/2020,12/16/2020,34,"6h,12h,18h,daily",0.1,national,point-grid,F,,"6h,12h,18h,daily",,,GSMaPV06,gs,"RMSE,MAD,MD,UB","POD,FAR,CSI,FBI",delineate the spatial and temporal patterns of rainfall,"underestimated the in-situ rainfall measurements, intensity greater than 50 mm",limited to particular location,"Shawky. et. al.,2019",2019,Remote Sensing,https://www.mdpi.com/2072-4292/11/23/2840
MAG19,Iran,Single region,Iran,Asia,32.5,54,"16,48,000",Rain,Land,,"IMERG_E,IMERG_L,IMERG_F",,4/14/2020,12/17/2020,45,"daily,monthly,seasonal",0.1,national,point-grid,F,,"daily,monthly,seasonal",,,,g,"COR,Rbias,MAE","POD,FAR","spring, drier area(POD)","summer, coastal area(POD)",sparse distribution of gauge in central regions,"Maghsood et al.,2019",2019,Remote Sensing,https://www.mdpi.com/2072-4292/12/1/48/htm
WU19B,Yangtze River Basin,Single region,China,Asia,30,106,"18,00,000",Rain,Land,,IMERG_F,IMERG_V05,4/14/2020,12/17/2020,45,"daily,monthly,annual",0.1,basin,point-grid,I,,"daily,monthly,annual",,,TRMM_3B42V7,gs,"COR,RMSE,RBias,MAE","POD,FAR,f-BIAS","detecting light precipitatio, annual and monthly","high precipitation events, high altitude, daily",resampling and scale mismatch issues,"Wu et al.,2019",2019,Water,https://www.mdpi.com/2073-4441/11/7/1459
ASL19,Ardabil province,Single region,Iran,Asia,38.4,47.8,"18,00,000",Rain,Land,,IMERG_F,IMERG_V06,1/16/2020,10/17/2020,22,"daily,seasonal,annual",0.1,,point-grid,F,,"daily,seasonal,annual",,,GSMaPV07,gs,"COR,RMSE,RBias,Mult_Bias,MAE","POD,FAR,CSI",summer(POD),other season,very small duration,"Aslami et al.,2019",2019,International Journal of Remote Sensing,https://www.tandfonline.com/doi/abs/10.1080/01431161.2018.1539274
XU19C,China,Single region,China,Asia,35.5,104,"96,00,000",Rain,Land,,IMERG_F,"IMERG_V04,IMERG_V05",5/15/2020,9/15/2020,5,"1h,daily",0.1,national,grid-grid,F,0.1,"1h,daily",,,GSMaPV08,gs,"COD,RMSE,Rbias","POD,FAR,CSI,HSS",daily,hourly,very small duration,"Xu et al.,2019",2019,Advances in Space Research,https://www.sciencedirect.com/science/article/pii/S0273117719300225
LI19B,Mun-chi River Basin,Single region,Thailand,Asia,16,104,"1,20,000",Rain,Land,Hydrological_perfom,IMERG_F,"IMERG_V03,IMERG_V04,IMERG_V05",4/14/2020,1/16/2020,22,"1h,daily,monthly",0.1,basin,point-grid,F,,"1h,daily,monthly",,WMO,TRMM_V7,gs,"COD,RMSE,SD",NSE,"northeastern Thailand, downstream",upstream,limited statistical matrices,"Li et al.,2019",2019,Water,https://www.mdpi.com/2073-4441/11/4/818
MAZ19,Global,Global,,Global,,,,Rain,Land,Extreme,"IMERG_E,IMERG_L",IMERG_V04,3/14/2020,4/17/2020,38,1h to 168h,0.1,national,point-grid,F,,1h to 168h,,,,g,"Bias,MAE","POD,FAR,CSI",aggregation interval is equal to or greater than 12 h,<12h,biased rain gauge distributio,"Mazzoglio et al.,2019",2019,Remote Sensing,https://www.mdpi.com/2072-4292/11/6/677
PAL19,Bio-geographic Chocó,Multiple regions,Colombia,South America,-4,-78,,Rain,Land,,,,4/14/2020,12/17/2020,45,daily,0.1,"grid,regional",point-grid,F,0.1,daily,,,TRMM_3B42V7,gs,"COR,RMSE,MD,RMD","POD,FAR,CSI","regional scale, spatial and temporal distribution of mean daily precipitation","grid scale, high precipitation amount(>5000?mm/yr)",need a detailed and long-term analysis,"Angel et al.,2019",2019,Atmospheric Research,https://www.sciencedirect.com/science/article/pii/S0169809518309517
